,manuscript_1,manuscript_2,manuscript_3,manuscript_4,manuscript_5
manuscript_1,1.0,0.9902861830831535,0.991454515900151,0.9812178535506996,0.9957129389869281
manuscript_2,0.9902861830831535,1.0,0.9875053207623782,0.9979857204576132,0.989352250722237
manuscript_3,0.991454515900151,0.9875053207623782,1.0,0.9759310488382157,0.9992402521150666
manuscript_4,0.9812178535506996,0.9979857204576132,0.9759310488382157,1.0,0.9781804618282971
manuscript_5,0.9957129389869281,0.989352250722237,0.9992402521150666,0.9781804618282971,1.0
